id,sys_type_id,deleted,parent_id,parent,parent$type,drive_id,folder_id,total,purchase_order_number,amount_still_to_be_invoiced,estimation_check,sub_total,tax,ted_task_id,ted_task,ted_task$type,supplier_id,supplier,supplier$type,total_with_allowance,product_package_id,product_package,product_package$type,construction_id,construction,construction$type,budget,xero_amount_paid,xero_supplier,xero_complete,xero_still_to_be_paid,xero_budget_diff,xero_paid_date,diff_po_with_allowance_versus_budget,xero_id,xero_total_with_allowance,diff_xero_and_total_but_not_complete,total_allowance_xero_paid,part_payment,xero_amount_paid_exc_gst,ld_versus_xero_paid,sams_notes
54167,52,,,,,b!lhQU6ZBW-Umi_Zaobz6m1vv4NrY-98VPrK5C6OMWPChTELgREW0MR6R7ya_2bELe,01JH4F6W4UT3NDJNZZXFB3ERXPVSM3WF75,6929.463,PO-054167,,true,6929.463,0,611,Req PLSL (QLeave),127,273,PLSL,16,6929.463,,,,90,"Lot 0 (56a) Malbon street, Eight Mile Plains, QLD",15,6734.5384,0,,,0,0,,194.9246,,54167,6929.463,6929.463,,,6734.5384,
54073,52,,,,,b!lhQU6ZBW-Umi_Zaobz6m1vv4NrY-98VPrK5C6OMWPChTELgREW0MR6R7ya_2bELe,01JH4F6W4QFCSKR7QKCVGIT5MIQELFJEHJ,18055.95,PO-054073,,true,16414.5,1641.45,411,Req Plaster Board,99,274,PLASTER BOARD,16,18055.95,,,,90,"Lot 0 (56a) Malbon street, Eight Mile Plains, QLD",15,18055.95,0,,,0,0,,0,,54073,18055.95,18055.95,,,18055.95,
54085,52,,,,,b!lhQU6ZBW-Umi_Zaobz6m1vv4NrY-98VPrK5C6OMWPChTELgREW0MR6R7ya_2bELe,01JH4F6W7RG5HUMGBQTBALF4SR3OEU452N,654.5,PO-054085,,true,595,59.5,421,Req Pre Paint (Including Sanding),99,274,PLASTER BOARD,16,654.5,,,,90,"Lot 0 (56a) Malbon street, Eight Mile Plains, QLD",15,654.5,0,,,0,0,,0,,54085,654.5,654.5,,,654.5,
54056,52,,,,,b!lhQU6ZBW-Umi_Zaobz6m1vv4NrY-98VPrK5C6OMWPChTELgREW0MR6R7ya_2bELe,01JH4F6W62RR2CWJTMQFEJHT2KOOX5G5RU,8309.07,PO-054056,,true,7553.7,755.37,397,Req Painter External House,99,276,PAINTER,16,8309.07,,,,90,"Lot 0 (56a) Malbon street, Eight Mile Plains, QLD",15,8309.07,0,,,0,0,,0,,54056,8309.07,8309.07,,,8309.07,
54094,52,,,,,b!lhQU6ZBW-Umi_Zaobz6m1vv4NrY-98VPrK5C6OMWPChTELgREW0MR6R7ya_2bELe,01JH4F6W73GGO7FRU2DNGZEHBZPREMZ25T,8897.46,PO-054094,,true,8088.6,808.86,400,Req Painter Internal  House,99,276,PAINTER,16,8897.46,,,,90,"Lot 0 (56a) Malbon street, Eight Mile Plains, QLD",15,8897.46,0,,,0,0,,0,,54094,8897.46,8897.46,,,8897.46,
54122,52,,,,,b!lhQU6ZBW-Umi_Zaobz6m1vv4NrY-98VPrK5C6OMWPChTELgREW0MR6R7ya_2bELe,01JH4F6WYUL6A4DJF3KNHIF2RCNMLW3BWZ,8294,PO-054122,,true,7540,754,301,Req Driveway Concretor,99,304,DRIVEWAY,16,8294,,,,90,"Lot 0 (56a) Malbon street, Eight Mile Plains, QLD",15,8294,0,,,0,0,,0,,54122,8294,8294,,,8294,
54204,52,,,,,b!lhQU6ZBW-Umi_Zaobz6m1vv4NrY-98VPrK5C6OMWPChTELgREW0MR6R7ya_2bELe,01JH4F6W66VKKSXS6VUVAYXBYSAJ273H6Y,21197,PO-054204,,false,19270,1927,280,Req Concretor to Pour Slab Wafflepod,99,311,CONCRETOR,16,21197,,,,90,"Lot 0 (56a) Malbon street, Eight Mile Plains, QLD",15,21197,0,,false,21197,0,,0,,54204,21197,21197,false,,21197,Waiting on Slab
54207,52,,,,,b!lhQU6ZBW-Umi_Zaobz6m1vv4NrY-98VPrK5C6OMWPChTELgREW0MR6R7ya_2bELe,01JH4F6W5FADAZD3UXMNA3JEVPDRHQQHZX,4675,PO-054207,,false,4250,425,271,Req Concrete Pump for Wafflepod,99,312,CONCRETE PUMPING,16,4675,,,,90,"Lot 0 (56a) Malbon street, Eight Mile Plains, QLD",15,4675,0,,false,4675,0,,0,,54207,4675,4675,false,,4675,Waiting on Slab
54205,52,,,,,b!lhQU6ZBW-Umi_Zaobz6m1vv4NrY-98VPrK5C6OMWPChTELgREW0MR6R7ya_2bELe,01JH4F6W5OTYPJ2PEJ7NCZXFZRL653HPH7,34848,PO-054205,,false,31680,3168,267,Req Concrete for Wafflepod,99,314,CONCRETE,16,34848,,,,90,"Lot 0 (56a) Malbon street, Eight Mile Plains, QLD",15,34848,0,,false,34848,0,,0,,54205,34848,34848,false,,34848,Waiting on Slab
54119,52,,,,,b!lhQU6ZBW-Umi_Zaobz6m1vv4NrY-98VPrK5C6OMWPChTELgREW0MR6R7ya_2bELe,01JH4F6W25OU4VCGFCE5HKO2REOVNLUQIU,224.9995,PO-054119,,true,204.545,20.4545,534,Req OHSE WHSE House,99,496,All Industry Safety QLD (AIS),16,224.9995,,,,90,"Lot 0 (56a) Malbon street, Eight Mile Plains, QLD",15,224.9995,0,,,0,0,,0,,54119,224.9995,224.9995,,,224.9995,
54143,52,,,,,b!lhQU6ZBW-Umi_Zaobz6m1vv4NrY-98VPrK5C6OMWPChTELgREW0MR6R7ya_2bELe,01JH4F6WZG7OXV3CG5Z5E2VFKRMRXMEKOC,473,PO-054143,,true,430,43,465,Req Smart-Film Penetrations,99,499,Bittn Australia Pty Ltd,16,473,,,,90,"Lot 0 (56a) Malbon street, Eight Mile Plains, QLD",15,473,0,,,0,0,,0,887fdd4e-d686-4b6f-b55d-e3e0f7f637c2,54143,473,473,,,473,
54148,52,,,,,b!lhQU6ZBW-Umi_Zaobz6m1vv4NrY-98VPrK5C6OMWPChTELgREW0MR6R7ya_2bELe,01JH4F6W4WJPQ5EFE6EJBJXA6BMTXFOMQG,920.7,PO-054148,,true,837,83.7,466,Req Smart-Film Perimeter,99,499,Bittn Australia Pty Ltd,16,1420.7,,,,90,"Lot 0 (56a) Malbon street, Eight Mile Plains, QLD",15,1420.7,0,,,0,0,,0,887fdd4e-d686-4b6f-b55d-e3e0f7f637c2,54148,1420.7,1420.7,,,1420.7,
54155,52,,,,,b!lhQU6ZBW-Umi_Zaobz6m1vv4NrY-98VPrK5C6OMWPChTELgREW0MR6R7ya_2bELe,01JH4F6W5ATLFVZCNFUZFZBE3QJVVBLIVP,665.5,PO-054155,,true,605,60.5,466,Req Smart-Film Perimeter,99,499,Bittn Australia Pty Ltd,16,665.5,,,,90,"Lot 0 (56a) Malbon street, Eight Mile Plains, QLD",15,665.5,0,,,0,0,,0,887fdd4e-d686-4b6f-b55d-e3e0f7f637c2,54155,665.5,665.5,,,665.5,
54086,52,,,,,b!lhQU6ZBW-Umi_Zaobz6m1vv4NrY-98VPrK5C6OMWPChTELgREW0MR6R7ya_2bELe,01JH4F6W7ONYOIQUQBMBB253PP2724IOBV,6589,PO-054086,,true,5990,599,363,Req Hot Water System,99,500,Chromagen Australia Pty Ltd,16,3589,,,,90,"Lot 0 (56a) Malbon street, Eight Mile Plains, QLD",15,3589,0,,,0,0,,0,6edf6868-db13-4c8f-8b72-34378d1c4e8f,54086,3589,3589,,,3589,
54079,52,,,,,b!lhQU6ZBW-Umi_Zaobz6m1vv4NrY-98VPrK5C6OMWPChTELgREW0MR6R7ya_2bELe,01JH4F6W4FYLFEJRTJSFE2GVHFL7HCXEJT,1447.6,PO-054079,,true,1316,131.6,658,"Req Shower Screens, Mirrors and Sliding Doors",99,501,Civic Shower Screens & Wardrobes,16,1447.6,,,,90,"Lot 0 (56a) Malbon street, Eight Mile Plains, QLD",15,1447.6,0,,,0,0,,0,bf7694da-369a-4d58-b5c7-0c695155b61c,54079,1447.6,1447.6,,,1447.6,
54112,52,,,,,b!lhQU6ZBW-Umi_Zaobz6m1vv4NrY-98VPrK5C6OMWPChTELgREW0MR6R7ya_2bELe,01JH4F6W7LKZ3QQCRW3NAK27QJU52ZVCKD,6619.8,PO-054112,,true,6018,601.8,299,Req Driveway Concrete,99,502,ReadyMix Concrete,16,6619.8,,,,90,"Lot 0 (56a) Malbon street, Eight Mile Plains, QLD",15,6619.8,0,,,0,0,,0,4470b198-5db7-43d7-80aa-c202835ea765,54112,6619.8,6619.8,,,6619.8,
54210,52,,,,,b!lhQU6ZBW-Umi_Zaobz6m1vv4NrY-98VPrK5C6OMWPChTELgREW0MR6R7ya_2bELe,01JH4F6W2SXIT3BNDQERCY7EM2YN3KKVY4,359.04,PO-054210,,true,326.4,32.64,388,Req Mixer Bodies For Plumber Rough In,99,506,Harvey Norman Commercial QLD,16,359.04,,,,90,"Lot 0 (56a) Malbon street, Eight Mile Plains, QLD",15,359.04,0,,false,359.04,0,,0,c567275f-5bfb-43fb-afcc-fc1fad4ef82a,54210,359.04,359.04,false,,359.04,
54152,52,,,,,b!lhQU6ZBW-Umi_Zaobz6m1vv4NrY-98VPrK5C6OMWPChTELgREW0MR6R7ya_2bELe,01JH4F6W6UCS2VALZKQBALBIO5PSAC6FE4,12240.316,PO-054152,,true,11127.56,1112.756,415,Req Plumber Fitoff Gear,99,506,Harvey Norman Commercial QLD,16,12240.316,,,,90,"Lot 0 (56a) Malbon street, Eight Mile Plains, QLD",15,12240.316,0,,,0,0,,0,c567275f-5bfb-43fb-afcc-fc1fad4ef82a,54152,12240.316,12240.316,,,12240.316,
54379,52,,,,,b!lhQU6ZBW-Umi_Zaobz6m1vv4NrY-98VPrK5C6OMWPChTELgREW0MR6R7ya_2bELe,01JH4F6WYGGB4CSSJMOBB2LNY6GHZGEG5R,3067.35,PO-054379,,true,2788.5,278.85,698,Req SDA Appliances,99,506,Harvey Norman Commercial QLD,16,3067.35,,,,90,"Lot 0 (56a) Malbon street, Eight Mile Plains, QLD",15,3300,0,,false,3300,0,,-232.65,c567275f-5bfb-43fb-afcc-fc1fad4ef82a,54379,3067.35,3067.35,false,,3300,
54151,52,,,,,b!lhQU6ZBW-Umi_Zaobz6m1vv4NrY-98VPrK5C6OMWPChTELgREW0MR6R7ya_2bELe,01JH4F6W2YZPZOL47GBJHKSPCTCCPFCS44,3615.348,PO-054151,,true,3286.68,328.668,735,Req Dishwasher,99,506,Harvey Norman Commercial QLD,16,3615.348,,,,90,"Lot 0 (56a) Malbon street, Eight Mile Plains, QLD",15,3615.348,0,,,0,0,,0,c567275f-5bfb-43fb-afcc-fc1fad4ef82a,54151,3615.348,3615.348,,,3615.348,
54091,52,,,,,b!lhQU6ZBW-Umi_Zaobz6m1vv4NrY-98VPrK5C6OMWPChTELgREW0MR6R7ya_2bELe,01JH4F6W5PADK6EDTFXFDZ6PB5ZKSGUBZY,983.4,PO-054091,,true,894,89.4,484,Req Steel Posts,99,507,Harvey's Mechanical & Welding Services Pty Ltd,16,983.4,,,,90,"Lot 0 (56a) Malbon street, Eight Mile Plains, QLD",15,983.4,0,,,0,0,,0,642e2059-5ecf-4718-b3bb-00e6e3c2ff24,54091,983.4,983.4,,,983.4,
54075,52,,,,,b!lhQU6ZBW-Umi_Zaobz6m1vv4NrY-98VPrK5C6OMWPChTELgREW0MR6R7ya_2bELe,01JH4F6W2IQ63Z7BCSEVEZILMMGVGLMKRM,32318.0627,PO-054075,,,29380.057,2938.0057,329,Req Fascia and Gutter and Colorbond Roof,99,511,Joii Roofing,16,32318.0627,,,,90,"Lot 0 (56a) Malbon street, Eight Mile Plains, QLD",15,32318.0627,0,,,0,0,,0,9b384153-bf2f-486b-94ba-8777cce5ea1c,54075,32318.0627,32318.0627,,,32318.0627,Price Check on this
54129,52,,,,,b!lhQU6ZBW-Umi_Zaobz6m1vv4NrY-98VPrK5C6OMWPChTELgREW0MR6R7ya_2bELe,01JH4F6W5IFIIATNQKZVG3FXVVNVFILEHK,981.2,PO-054129,,true,892,89.2,306,Req Driveway Kerb Cut Out,99,514,Logan Concrete Sawing and Drilling,16,981.2,,,,90,"Lot 0 (56a) Malbon street, Eight Mile Plains, QLD",15,981.2,0,,,0,0,,0,,54129,981.2,981.2,,,981.2,
54084,52,,,,,b!lhQU6ZBW-Umi_Zaobz6m1vv4NrY-98VPrK5C6OMWPChTELgREW0MR6R7ya_2bELe,01JH4F6W5VTNLBYH6BUVAIBEZNLXMX7SAI,3488.39513,PO-054084,,true,3171.2683,317.12683,342,Req Full Turn Key Package,99,515,Lovering Installations QLD,16,3488.3951,,,,90,"Lot 0 (56a) Malbon street, Eight Mile Plains, QLD",15,3488.3951,0,,,0,0,,0,7eb68727-360c-4343-bde8-823c318ecc78,54084,3488.3951,3488.3951,,,3488.3951,
54115,52,,,,,b!lhQU6ZBW-Umi_Zaobz6m1vv4NrY-98VPrK5C6OMWPChTELgREW0MR6R7ya_2bELe,01JH4F6W6WV5IVLYW2YBAYUG35IJAKYIG3,3758.7,PO-054115,,true,3417,341.7,508,Req Tiles,99,517,NATIONAL TILES CO PTY LTD,16,3758.7,,,,90,"Lot 0 (56a) Malbon street, Eight Mile Plains, QLD",15,3758.7,0,,,0,0,,0,e664ca28-dd63-40f8-b0f0-a4bd4188deeb,54115,3758.7,3758.7,,,3758.7,
54064,52,,,,,b!lhQU6ZBW-Umi_Zaobz6m1vv4NrY-98VPrK5C6OMWPChTELgREW0MR6R7ya_2bELe,01JH4F6W6N5AEFUIA34ZBL4WZMJEQ526VJ,495,PO-054064,,,450,45,420,Req Power To Site,99,519,Origin Energy,16,495,,,,90,"Lot 0 (56a) Malbon street, Eight Mile Plains, QLD",15,495,0,,,0,0,,0,,54064,495,495,,,495,
54138,52,,,,,b!lhQU6ZBW-Umi_Zaobz6m1vv4NrY-98VPrK5C6OMWPChTELgREW0MR6R7ya_2bELe,01JH4F6W4T57JS7QKE3NCKSVCUHRM7LGWC,2489.4914,PO-054138,,false,2263.174,226.3174,367,Req Internal Fixout,99,520,Pre Hung Doors (PHD),16,2489.4914,,,,90,"Lot 0 (56a) Malbon street, Eight Mile Plains, QLD",15,2489.4914,0,,,0,0,,0,c0941e79-e723-4f2b-9840-41edc80c7f6e,54138,2489.4914,2489.4914,,,2489.4914,
54062,52,,,,,b!lhQU6ZBW-Umi_Zaobz6m1vv4NrY-98VPrK5C6OMWPChTELgREW0MR6R7ya_2bELe,01JH4F6W67IGOF2XCRVZHLJWWG7Y5DIZIX,6371.75,PO-054062,,true,5792.5,579.25,325,Req External Doors,99,520,Pre Hung Doors (PHD),16,6371.75,,,,90,"Lot 0 (56a) Malbon street, Eight Mile Plains, QLD",15,6371.75,0,,,0,0,,0,c0941e79-e723-4f2b-9840-41edc80c7f6e,54062,6371.75,6371.75,,,6371.75,
54100,52,,,,,b!lhQU6ZBW-Umi_Zaobz6m1vv4NrY-98VPrK5C6OMWPChTELgREW0MR6R7ya_2bELe,01JH4F6W3DG4MI3LFVDFGZYPJWJ34OGWTO,550,PO-054100,,true,500,50,451,Req Silt Barrier and Gravel Entry,99,522,Sediment Erosion Control Services,16,550,,,,90,"Lot 0 (56a) Malbon street, Eight Mile Plains, QLD",15,550,0,,,0,0,,0,0373170b-844b-4c80-8493-eaeb40deb723,54100,550,550,,,550,
54156,52,,,,,b!lhQU6ZBW-Umi_Zaobz6m1vv4NrY-98VPrK5C6OMWPChTELgREW0MR6R7ya_2bELe,01JH4F6W4UY5Z32VSCTVG2K55LEINZRVQQ,17381.1,PO-054156,,,15801,1580.1,538,Req Windows,99,523,Southern Star Windows (QLD),16,17381.1,,,,90,"Lot 0 (56a) Malbon street, Eight Mile Plains, QLD",15,14850,0,,,0,0,,2531.1,2f95c53e-5d2a-409e-933c-85e4dc16112f,54156,17381.1,17381.1,,,14850,Out for Quote
54121,52,,,,,b!lhQU6ZBW-Umi_Zaobz6m1vv4NrY-98VPrK5C6OMWPChTELgREW0MR6R7ya_2bELe,01JH4F6W7N2GWQQMH2RFH35DEEVI2QXPPB,660,PO-054121,,true,600,60,530,Req Waterproof for Slab Edge and Formwork,99,527,Tekna Admin,16,660,,,,90,"Lot 0 (56a) Malbon street, Eight Mile Plains, QLD",15,660,0,,,0,0,,0,d561f1b6-cf8d-4740-81ba-b18d3c77cfa3,54121,660,660,,,660,
54146,52,,,,,b!lhQU6ZBW-Umi_Zaobz6m1vv4NrY-98VPrK5C6OMWPChTELgREW0MR6R7ya_2bELe,01JH4F6WYQUCM5JQAGO5GIVUVVCUYQN4U5,88000,PO-054146,,true,80000,8000,676,Pay External Sales Fee,100,527,Tekna Admin,16,88000,,,,90,"Lot 0 (56a) Malbon street, Eight Mile Plains, QLD",15,88000,0,,,0,0,,0,d561f1b6-cf8d-4740-81ba-b18d3c77cfa3,54146,88000,88000,,,88000,
54101,52,,,,,b!lhQU6ZBW-Umi_Zaobz6m1vv4NrY-98VPrK5C6OMWPChTELgREW0MR6R7ya_2bELe,01JH4F6W2N5Q7ONNH5ABB3F2NGHBV22AYN,2623.5,PO-054101,,true,2385,238.5,741,Req SDA Auto Desk Stand For Kitchen,99,527,Tekna Admin,16,2623.5,,,,90,"Lot 0 (56a) Malbon street, Eight Mile Plains, QLD",15,2623.5,0,,,0,0,,0,d561f1b6-cf8d-4740-81ba-b18d3c77cfa3,54101,2623.5,2623.5,,,2623.5,
54362,52,,,,,b!lhQU6ZBW-Umi_Zaobz6m1vv4NrY-98VPrK5C6OMWPChTELgREW0MR6R7ya_2bELe,01JH4F6W3I7QOBABYGYVG25SKUCDGUGETM,58562.2994,PO-054362,,false,53238.454,5323.8454,796,Feaso Retail Profit,72,527,Tekna Admin,16,58562.2994,,,,90,"Lot 0 (56a) Malbon street, Eight Mile Plains, QLD",15,58562.2994,0,,false,58562.2994,0,,0,d561f1b6-cf8d-4740-81ba-b18d3c77cfa3,54362,58562.2994,58562.2994,false,,58562.2994,
54363,52,,,,,b!lhQU6ZBW-Umi_Zaobz6m1vv4NrY-98VPrK5C6OMWPChTELgREW0MR6R7ya_2bELe,01JH4F6WZ3C24MGDM2RREKEU77JSZ5ZUL7,58561.1994,PO-054363,,false,53237.454,5323.7454,797,Feaso Contingency,72,527,Tekna Admin,16,58561.1994,,,,90,"Lot 0 (56a) Malbon street, Eight Mile Plains, QLD",15,58561.1994,0,,false,58561.1994,0,,0,d561f1b6-cf8d-4740-81ba-b18d3c77cfa3,54363,58561.1994,58561.1994,false,,58561.1994,
54116,52,,,,,b!lhQU6ZBW-Umi_Zaobz6m1vv4NrY-98VPrK5C6OMWPChTELgREW0MR6R7ya_2bELe,01JH4F6W5VBELOBJ3PPZBLXCV6MXROLRFG,450.681,PO-054116,,true,409.71,40.971,648,Req Pressure Wash and External Areas,99,533,A1 Builders Finals Services Group,16,450.681,,,,90,"Lot 0 (56a) Malbon street, Eight Mile Plains, QLD",15,450.681,0,,,0,0,,0,631c7102-529e-4278-95f0-7375a9e2ff3e,54116,450.681,450.681,,,450.681,
54102,52,,,,,b!lhQU6ZBW-Umi_Zaobz6m1vv4NrY-98VPrK5C6OMWPChTELgREW0MR6R7ya_2bELe,01JH4F6W4SU6U2KMMMZJG3IDAW6CWZ63ZG,2611.4,PO-054102,,true,2374,237.4,343,Req Gapping To Skirting and Expansion Joints,99,533,A1 Builders Finals Services Group,16,2611.4,,,,90,"Lot 0 (56a) Malbon street, Eight Mile Plains, QLD",15,2611.4,0,,,0,0,,0,631c7102-529e-4278-95f0-7375a9e2ff3e,54102,2611.4,2611.4,,,2611.4,
54072,52,,,,,b!lhQU6ZBW-Umi_Zaobz6m1vv4NrY-98VPrK5C6OMWPChTELgREW0MR6R7ya_2bELe,01JH4F6W2ARGJTI2ULNVEYSLTBEWD6E4SD,903.2815,PO-054072,,true,821.165,82.1165,351,Req Handover Clean,99,533,A1 Builders Finals Services Group,16,903.2815,,,,90,"Lot 0 (56a) Malbon street, Eight Mile Plains, QLD",15,903.2815,0,,,0,0,,0,631c7102-529e-4278-95f0-7375a9e2ff3e,54072,903.2815,903.2815,,,903.2815,
54060,52,,,,,b!lhQU6ZBW-Umi_Zaobz6m1vv4NrY-98VPrK5C6OMWPChTELgREW0MR6R7ya_2bELe,01JH4F6W47WTAQDA72UJGYW372XAUMPB7N,732.732,PO-054060,,true,666.12,66.612,239,Req Builders Clean,99,533,A1 Builders Finals Services Group,16,732.732,,,,90,"Lot 0 (56a) Malbon street, Eight Mile Plains, QLD",15,732.732,0,,,0,0,,0,631c7102-529e-4278-95f0-7375a9e2ff3e,54060,732.732,732.732,,,732.732,
54090,52,,,,,b!lhQU6ZBW-Umi_Zaobz6m1vv4NrY-98VPrK5C6OMWPChTELgREW0MR6R7ya_2bELe,01JH4F6W2QBFSHTF2TPBCZONSY5BUBRPDX,903.2815,PO-054090,,true,821.165,82.1165,240,Req Builders Reclean,99,533,A1 Builders Finals Services Group,16,903.2815,,,,90,"Lot 0 (56a) Malbon street, Eight Mile Plains, QLD",15,903.2815,0,,,0,0,,0,631c7102-529e-4278-95f0-7375a9e2ff3e,54090,903.2815,903.2815,,,903.2815,
54088,52,,,,,b!lhQU6ZBW-Umi_Zaobz6m1vv4NrY-98VPrK5C6OMWPChTELgREW0MR6R7ya_2bELe,01JH4F6W5GB4DP7ROGBZDIQEEANIOENHGW,660,PO-054088,,true,600,60,185,Do Frame Inspection,99,569,AW GEOTECHNICS,16,660,,,,90,"Lot 0 (56a) Malbon street, Eight Mile Plains, QLD",15,660,0,,,0,0,,0,1d61f998-4856-4524-9286-a4cf60d4332b,54088,660,660,,,660,
53487,52,,,,,b!lhQU6ZBW-Umi_Zaobz6m1vv4NrY-98VPrK5C6OMWPChTELgREW0MR6R7ya_2bELe,01JH4F6WYEWARXEOOXXJFYL7ZCXMKJQO5I,1760,PO-053487,,false,1600,160,607,Req Eng Slab Design,127,569,AW GEOTECHNICS,16,1760,,,,90,"Lot 0 (56a) Malbon street, Eight Mile Plains, QLD",15,1760,0,,false,1760,0,,0,1d61f998-4856-4524-9286-a4cf60d4332b,53487,1760,1760,false,,1760,KEEP
53486,52,,,,,b!lhQU6ZBW-Umi_Zaobz6m1vv4NrY-98VPrK5C6OMWPChTELgREW0MR6R7ya_2bELe,01JH4F6W7YTOGD3MTAA5G2W2NFOLWW633Y,440,PO-053486,,true,400,40,608,Req Soil Test & Wind Rating,127,569,AW GEOTECHNICS,16,440,,,,90,"Lot 0 (56a) Malbon street, Eight Mile Plains, QLD",15,440,440,AW Geotechnics Pty Ltd,true,0,0,2025-8-15,0,1d61f998-4856-4524-9286-a4cf60d4332b,53486,0,0,false,400,0,KEEP
54132,52,,,,,b!lhQU6ZBW-Umi_Zaobz6m1vv4NrY-98VPrK5C6OMWPChTELgREW0MR6R7ya_2bELe,01JH4F6WYQR6OPC2XQSZCYTZUWQAXUATBV,550,PO-054132,,true,500,50,463,Req Wafflepod Inspection,99,569,AW GEOTECHNICS,16,550,,,,90,"Lot 0 (56a) Malbon street, Eight Mile Plains, QLD",15,550,0,,,0,0,,0,1d61f998-4856-4524-9286-a4cf60d4332b,54132,550,550,,,550,
54169,52,,,,,b!lhQU6ZBW-Umi_Zaobz6m1vv4NrY-98VPrK5C6OMWPChTELgREW0MR6R7ya_2bELe,01JH4F6WYPCYQ6C4KZDZEYX3AK6VTIW6GO,2426.6,PO-054169,,,2206,220.6,605,Req Plumbing Approval,127,576,Fluid Building Approvals,16,3426.6,,,,90,"Lot 0 (56a) Malbon street, Eight Mile Plains, QLD",15,3426.6,0,,,0,0,,0,bfe10ac5-c303-4040-9065-51cb308bcd31,54169,3426.6,3426.6,,,3426.6,
54174,52,,,,,b!lhQU6ZBW-Umi_Zaobz6m1vv4NrY-98VPrK5C6OMWPChTELgREW0MR6R7ya_2bELe,01JH4F6W63PRAENJYJJFAJS5DZZQZHCQRE,1.1,PO-054174,,true,1,0.1,617,Req Water Connection,127,576,Fluid Building Approvals,16,1.1,,,,90,"Lot 0 (56a) Malbon street, Eight Mile Plains, QLD",15,1.1,0,,,0,0,,0,bfe10ac5-c303-4040-9065-51cb308bcd31,54174,1.1,1.1,,,1.1,
53057,52,,,,,b!lhQU6ZBW-Umi_Zaobz6m1vv4NrY-98VPrK5C6OMWPChTELgREW0MR6R7ya_2bELe,01JH4F6W5MDIB4QMAPU5FKK63YTQMWTHX3,1100,PO-053057,,true,1000,100,609,Req Surveyed Plan Of Block,127,578,Survey Mark,16,1100,,,,90,"Lot 0 (56a) Malbon street, Eight Mile Plains, QLD",15,1100,0,GNDD Investments Pty Ltd,true,0,1100,2025-6-12,0,d54e7bfb-75f6-4856-99eb-8c65bb47cb55,53057,1100,1100,false,0,1100,KEEP
54095,52,,,,,b!lhQU6ZBW-Umi_Zaobz6m1vv4NrY-98VPrK5C6OMWPChTELgREW0MR6R7ya_2bELe,01JH4F6W47MBDXBLU3YFF3C3MAE6G5NEE3,1914,PO-054095,,true,1740,174,494,Req Surveyor to Setout Wafflepod,99,578,Survey Mark,16,1914,,,,90,"Lot 0 (56a) Malbon street, Eight Mile Plains, QLD",15,1914,0,,,0,0,,0,d54e7bfb-75f6-4856-99eb-8c65bb47cb55,54095,1914,1914,,,1914,
54080,52,,,,,b!lhQU6ZBW-Umi_Zaobz6m1vv4NrY-98VPrK5C6OMWPChTELgREW0MR6R7ya_2bELe,01JH4F6W7KOBIJIMYNEJEL5SB6PQJY7RM7,1254,PO-054080,,true,1140,114,494,Req Surveyor to Setout Wafflepod,99,578,Survey Mark,16,1254,,,,90,"Lot 0 (56a) Malbon street, Eight Mile Plains, QLD",15,1254,0,,,0,0,,0,d54e7bfb-75f6-4856-99eb-8c65bb47cb55,54080,1254,1254,,,1254,
54057,52,,,,,b!lhQU6ZBW-Umi_Zaobz6m1vv4NrY-98VPrK5C6OMWPChTELgREW0MR6R7ya_2bELe,01JH4F6W4ZUUUOSADQTJEL7NOL35EEXN4W,9298.399,PO-054057,,true,8453.09,845.309,212,Req Air Conditioning Fit Off,99,588,Star Airconditioning,16,9298.399,,,,90,"Lot 0 (56a) Malbon street, Eight Mile Plains, QLD",15,9298.399,0,,,0,0,,0,a57e363c-c644-42a9-9d3a-c7baa35a8331,54057,9298.399,9298.399,,,9298.399,
54068,52,,,,,b!lhQU6ZBW-Umi_Zaobz6m1vv4NrY-98VPrK5C6OMWPChTELgREW0MR6R7ya_2bELe,01JH4F6W5SPJ3V43Q5YVALGWUAEQZKMJ4Z,3593.59,PO-054068,,true,3266.9,326.69,213,Req Air Conditioning Rough In,99,588,Star Airconditioning,16,3593.59,,,,90,"Lot 0 (56a) Malbon street, Eight Mile Plains, QLD",15,3593.59,0,,,0,0,,0,a57e363c-c644-42a9-9d3a-c7baa35a8331,54068,3593.59,3593.59,,,3593.59,
54134,52,,,,,b!lhQU6ZBW-Umi_Zaobz6m1vv4NrY-98VPrK5C6OMWPChTELgREW0MR6R7ya_2bELe,01JH4F6W5DZZOQSVPNL5HJGS7ZEYZOICRF,8770.9809,PO-054134,,true,7973.619,797.3619,310,Req Electrical Items,99,604,Bunnings,16,8770.9809,,,,90,"Lot 0 (56a) Malbon street, Eight Mile Plains, QLD",15,8770.9809,0,,,0,0,,0,b44a1c65-e97e-4b24-8dd4-6f895ba8b070,54134,8770.9809,8770.9809,,,8770.9809,
54150,52,,,,,b!lhQU6ZBW-Umi_Zaobz6m1vv4NrY-98VPrK5C6OMWPChTELgREW0MR6R7ya_2bELe,01JH4F6W37YJWSIFBOSJAZ6EZBDNCI6RJE,12911.415,PO-054150,,,11737.65,1173.765,340,Req Frame Material Ground Floor,99,604,Bunnings,16,12911.415,,,,90,"Lot 0 (56a) Malbon street, Eight Mile Plains, QLD",15,12911.415,0,,,0,0,,0,b44a1c65-e97e-4b24-8dd4-6f895ba8b070,54150,12911.415,12911.415,,,12911.415,Waiting to send for quote
54078,52,,,,,b!lhQU6ZBW-Umi_Zaobz6m1vv4NrY-98VPrK5C6OMWPChTELgREW0MR6R7ya_2bELe,01JH4F6W75RKOLNBJ5P5BLT4QFSIVJNGDD,16852.89122,PO-054078,,,15320.8102,1532.08102,467,Req Soffit and Cladding Hardware,99,604,Bunnings,16,16852.8912,,,,90,"Lot 0 (56a) Malbon street, Eight Mile Plains, QLD",15,16852.8912,0,,,0,0,,0,b44a1c65-e97e-4b24-8dd4-6f895ba8b070,54078,16852.8912,16852.8912,,,16852.8912,
54153,52,,,,,b!lhQU6ZBW-Umi_Zaobz6m1vv4NrY-98VPrK5C6OMWPChTELgREW0MR6R7ya_2bELe,01JH4F6WZC2PQ627YF3BCJ2ZWCIR2NZCFQ,20684.95,PO-054153,,,18804.5,1880.45,439,Req Roof Trusses,99,604,Bunnings,16,20684.95,,,,90,"Lot 0 (56a) Malbon street, Eight Mile Plains, QLD",15,20684.95,0,,,0,0,,0,b44a1c65-e97e-4b24-8dd4-6f895ba8b070,54153,20684.95,20684.95,,,20684.95,ALLOWANCE
54219,52,,,,,b!lhQU6ZBW-Umi_Zaobz6m1vv4NrY-98VPrK5C6OMWPChTELgREW0MR6R7ya_2bELe,01JH4F6W47MLJUPLTJONH22642SJOT4T5I,7700,PO-054219,,true,7000,700,757,Req Miscellaneous Items,99,604,Bunnings,16,7700,,,,90,"Lot 0 (56a) Malbon street, Eight Mile Plains, QLD",15,7700,0,,false,7700,0,,0,b44a1c65-e97e-4b24-8dd4-6f895ba8b070,54219,7700,7700,false,,7700,
54093,52,,,,,b!lhQU6ZBW-Umi_Zaobz6m1vv4NrY-98VPrK5C6OMWPChTELgREW0MR6R7ya_2bELe,01JH4F6WYXK3CIVBFKPNFLDEVZIUTO4T3J,22000,PO-054093,,,20000,2000,690,Req SDA Solar and Battery,99,620,Open Electrical,16,22000,,,,90,"Lot 0 (56a) Malbon street, Eight Mile Plains, QLD",15,22000,0,,,0,0,,0,,54093,22000,22000,,,22000,Figure out what we doing here
54099,52,,,,,b!lhQU6ZBW-Umi_Zaobz6m1vv4NrY-98VPrK5C6OMWPChTELgREW0MR6R7ya_2bELe,01JH4F6W7544DJ42DXAJGZPBXTQ2UJXTBB,2670.03,PO-054099,,true,2427.3,242.73,366,Req Internal Door Handles,99,623,Keeler Hardware,16,2670.03,,,,90,"Lot 0 (56a) Malbon street, Eight Mile Plains, QLD",15,2670.03,0,,,0,0,,0,,54099,2670.03,2670.03,,,2670.03,
54154,52,,,,,b!lhQU6ZBW-Umi_Zaobz6m1vv4NrY-98VPrK5C6OMWPChTELgREW0MR6R7ya_2bELe,01JH4F6W3YL7IBYFW6M5EZAWW5CVUQAYSE,895.015,PO-054154,,true,813.65,81.365,324,Req External Door Handle Locks,99,623,Keeler Hardware,16,895.015,,,,90,"Lot 0 (56a) Malbon street, Eight Mile Plains, QLD",15,895.015,0,,,0,0,,0,,54154,895.015,895.015,,,895.015,
54087,52,,,,,b!lhQU6ZBW-Umi_Zaobz6m1vv4NrY-98VPrK5C6OMWPChTELgREW0MR6R7ya_2bELe,01JH4F6W323TRDVA22TJFICMYY5JOUIW77,13200,PO-054087,,,12000,1200,695,Req SDA SAT System Fit Off,99,624,Stratus,16,13200,,,,90,"Lot 0 (56a) Malbon street, Eight Mile Plains, QLD",15,13200,0,,,0,0,,0,,54087,13200,13200,,,13200,Waiting on Price
54107,52,,,,,b!lhQU6ZBW-Umi_Zaobz6m1vv4NrY-98VPrK5C6OMWPChTELgREW0MR6R7ya_2bELe,01JH4F6WY6KLUTSEBCN5H27NIN7UFGE6IT,16542.9,PO-054107,,,15039,1503.9,696,Req SDA Fire System - Rough In,99,627,AusCoast Fire,16,16542.9,,,,90,"Lot 0 (56a) Malbon street, Eight Mile Plains, QLD",15,16542.9,0,,,0,0,,0,,54107,16542.9,16542.9,,,16542.9,Need to Send for Quote
54117,52,,,,,b!lhQU6ZBW-Umi_Zaobz6m1vv4NrY-98VPrK5C6OMWPChTELgREW0MR6R7ya_2bELe,01JH4F6W4TRYTO33FWORDLDUK6OBEJS2MJ,20219.1,PO-054117,,false,18381,1838.1,697,Req SDA Fire System - Fit Off,99,627,AusCoast Fire,16,20219.1,,,,90,"Lot 0 (56a) Malbon street, Eight Mile Plains, QLD",15,20219.1,0,,,0,0,,0,,54117,20219.1,20219.1,,,20219.1,Need to send for quote
54173,52,,,,,b!lhQU6ZBW-Umi_Zaobz6m1vv4NrY-98VPrK5C6OMWPChTELgREW0MR6R7ya_2bELe,01JH4F6W4GG6PKR3T4LFB3OKESCAWP5V4W,12632.4,PO-054173,,true,11484,1148.4,330,Req Fence,99,635,Joii Landscaping,16,12632.4,,,,90,"Lot 0 (56a) Malbon street, Eight Mile Plains, QLD",15,12632.4,0,,,0,0,,0,49a9ebe2-ca7a-4ac0-baed-4b74c1673f0a,54173,12632.4,12632.4,,,12632.4,
54170,52,,,,,b!lhQU6ZBW-Umi_Zaobz6m1vv4NrY-98VPrK5C6OMWPChTELgREW0MR6R7ya_2bELe,01JH4F6WYRNLAEOLT5EFEZLPL35ALPRLHY,6228.2,PO-054170,,true,5662,566.2,374,Req Landscaping,99,635,Joii Landscaping,16,6228.2,,,,90,"Lot 0 (56a) Malbon street, Eight Mile Plains, QLD",15,6228.2,0,,,0,0,,0,49a9ebe2-ca7a-4ac0-baed-4b74c1673f0a,54170,6228.2,6228.2,,,6228.2,
54209,52,,,,,b!lhQU6ZBW-Umi_Zaobz6m1vv4NrY-98VPrK5C6OMWPChTELgREW0MR6R7ya_2bELe,01JH4F6W62EN2MVMZ7DNCIZ25MVY422C6D,16500,PO-054209,,false,15000,1500,435,Req Retaining Wall,99,635,Joii Landscaping,16,16500,,,,90,"Lot 0 (56a) Malbon street, Eight Mile Plains, QLD",15,16500,0,,false,16500,0,,0,49a9ebe2-ca7a-4ac0-baed-4b74c1673f0a,54209,16500,16500,false,,16500,
53518,52,,,,,b!lhQU6ZBW-Umi_Zaobz6m1vv4NrY-98VPrK5C6OMWPChTELgREW0MR6R7ya_2bELe,01JH4F6W2KRYRMIMBOAZGYLCINJ5ICCC4D,990,PO-053518,,true,900,90,606,Req Energy Efficient Rating,127,646,Accelerate Sustainability Assessments,16,990,,,,90,"Lot 0 (56a) Malbon street, Eight Mile Plains, QLD",15,990,990,Accelerate Sustainability Assessments Pty Ltd,true,0,0,2025-9-26,0,d2772fab-f520-4e71-83e3-02271599c4b9,53518,0,0,false,900,0,KEEP
54077,52,,,,,b!lhQU6ZBW-Umi_Zaobz6m1vv4NrY-98VPrK5C6OMWPChTELgREW0MR6R7ya_2bELe,01JH4F6W2QPXDBPJBNENCLCRTIQVJOP4YW,0,PO-054077,,,0,0,704,Req Wafflepod Slab Complete,99,663,JND Concrete,16,0,,,,90,"Lot 0 (56a) Malbon street, Eight Mile Plains, QLD",15,0,0,,,0,0,,0,fda31c37-6dba-44b7-8cb0-36547e7b4e11,54077,0,0,,,0,will use if doing combined
54139,52,,,,,b!lhQU6ZBW-Umi_Zaobz6m1vv4NrY-98VPrK5C6OMWPChTELgREW0MR6R7ya_2bELe,01JH4F6WZ2HQXXFW77MNBYS66JMUIVZPHA,1782,PO-054139,,true,1620,162,512,Req Toilet To Site,99,670,Dinkum Dunnies,16,1782,,,,90,"Lot 0 (56a) Malbon street, Eight Mile Plains, QLD",15,1782,0,,,0,0,,0,c9e445f2-84f0-445d-945d-13a1472900aa,54139,1782,1782,,,1782,
54103,52,,,,,b!lhQU6ZBW-Umi_Zaobz6m1vv4NrY-98VPrK5C6OMWPChTELgREW0MR6R7ya_2bELe,01JH4F6W2VDAY3MAF4INHLGO6DHGYCMP23,518.1,PO-054103,,true,471,47.1,197,Req Temporary Fencing,99,670,Dinkum Dunnies,16,518.1,,,,90,"Lot 0 (56a) Malbon street, Eight Mile Plains, QLD",15,518.1,0,,,0,0,,0,c9e445f2-84f0-445d-945d-13a1472900aa,54103,518.1,518.1,,,518.1,
54083,52,,,,,b!lhQU6ZBW-Umi_Zaobz6m1vv4NrY-98VPrK5C6OMWPChTELgREW0MR6R7ya_2bELe,01JH4F6W7WPHGT66TQVRGKSWSUZBCI6VLT,2483.668,PO-054083,,true,2257.88,225.788,258,Req Ceiling Insulation,99,673,Austral Insulation,16,2483.668,,,,90,"Lot 0 (56a) Malbon street, Eight Mile Plains, QLD",15,2483.668,0,,,0,0,,0,03ee6490-22dc-4178-bcd6-6707198f3013,54083,2483.668,2483.668,,,2483.668,
54067,52,,,,,b!lhQU6ZBW-Umi_Zaobz6m1vv4NrY-98VPrK5C6OMWPChTELgREW0MR6R7ya_2bELe,01JH4F6WYSFU3IWFHAFNC277YLTPOGLAGO,2775.872,PO-054067,,true,2523.52,252.352,523,Req Wall Insulation,99,673,Austral Insulation,16,2775.872,,,,90,"Lot 0 (56a) Malbon street, Eight Mile Plains, QLD",15,2775.872,0,,,0,0,,0,03ee6490-22dc-4178-bcd6-6707198f3013,54067,2775.872,2775.872,,,2775.872,
54058,52,,,,,b!lhQU6ZBW-Umi_Zaobz6m1vv4NrY-98VPrK5C6OMWPChTELgREW0MR6R7ya_2bELe,01JH4F6W34GGQ2PVZISZGJTFFWWPTMSFLV,1714.9671,PO-054058,,true,1559.061,155.9061,491,Req Supply and Install Wall Sisilation,99,673,Austral Insulation,16,1714.9671,,,,90,"Lot 0 (56a) Malbon street, Eight Mile Plains, QLD",15,1714.9671,0,,,0,0,,0,03ee6490-22dc-4178-bcd6-6707198f3013,54058,1714.9671,1714.9671,,,1714.9671,
54089,52,,,,,b!lhQU6ZBW-Umi_Zaobz6m1vv4NrY-98VPrK5C6OMWPChTELgREW0MR6R7ya_2bELe,01JH4F6W22ZZI5GJDCGJFIT4GGP36FRPCJ,838.2,PO-054089,,true,762,76.2,287,Req Crane Roof Trusses,99,679,Cross Cranes,16,838.2,,,,90,"Lot 0 (56a) Malbon street, Eight Mile Plains, QLD",15,838.2,0,,,0,0,,0,7c22f898-6ba7-43b8-843e-56c807dd0f8c,54089,838.2,838.2,,,838.2,
53791,52,,,,,b!lhQU6ZBW-Umi_Zaobz6m1vv4NrY-98VPrK5C6OMWPChTELgREW0MR6R7ya_2bELe,01JH4F6W22HNKJ6SLO3ZF2DCJMFR5DRI7S,968,PO-053791,,true,880,88,,,,707,Access Allways Consultants,16,968,,,,90,"Lot 0 (56a) Malbon street, Eight Mile Plains, QLD",15,968,968,Access All Ways Consultants,true,0,0,2025-8-29,0,b50a7d04-942f-466b-a14b-ac9bfde8891a,53791,0,0,false,880,0,KEEP
54166,52,,,,,b!lhQU6ZBW-Umi_Zaobz6m1vv4NrY-98VPrK5C6OMWPChTELgREW0MR6R7ya_2bELe,01JH4F6W4POPI3UFN3BREYUPQWKD7CIBZT,11000,PO-054166,,true,10000,1000,713,SDA Design Assessment,127,707,Access Allways Consultants,16,11000,,,,90,"Lot 0 (56a) Malbon street, Eight Mile Plains, QLD",15,11000,0,,,0,0,,0,b50a7d04-942f-466b-a14b-ac9bfde8891a,54166,11000,11000,,,11000,
54157,52,,,,,b!lhQU6ZBW-Umi_Zaobz6m1vv4NrY-98VPrK5C6OMWPChTELgREW0MR6R7ya_2bELe,01JH4F6W2A5KABHWPJGNHY3FZ3Z4EEOT5A,4699.519,PO-054157,,true,4272.29,427.229,602,Req BA - New Building Application,127,716,GMA Certification Group,16,4699.519,,,,90,"Lot 0 (56a) Malbon street, Eight Mile Plains, QLD",15,4699.519,2688.29,GMA Certification Pty Ltd,true,0,2011.229,2025-10-25,0,4b502953-aa09-4f7f-a301-c94c4bd6b97e,54157,2011.229,2011.229,,2443.9,2011.229,
54145,52,,,,,b!lhQU6ZBW-Umi_Zaobz6m1vv4NrY-98VPrK5C6OMWPChTELgREW0MR6R7ya_2bELe,01JH4F6W5TASZ5IJMZZRFYK3ZDMAHZTYXF,422.4,PO-054145,,true,384,38.4,724,Req Kitchen Items Hafele,99,719,Hafele,16,422.4,,,,90,"Lot 0 (56a) Malbon street, Eight Mile Plains, QLD",15,422.4,0,,,0,0,,0,1ad91815-d9ab-41be-be9a-e26e083f7e87,54145,422.4,422.4,,,422.4,
54125,52,,,,,b!lhQU6ZBW-Umi_Zaobz6m1vv4NrY-98VPrK5C6OMWPChTELgREW0MR6R7ya_2bELe,01JH4F6W55V2Q3SBG3NRHL2ZE2JZOJUINN,734.426,PO-054125,,true,667.66,66.766,655,Req Driveway Deco Material,99,726,Jopa Queensland,16,734.426,,,,90,"Lot 0 (56a) Malbon street, Eight Mile Plains, QLD",15,734.426,0,,,0,0,,0,32731641-4cee-4ea6-aeba-f8d2f6166486,54125,734.426,734.426,,,734.426,
54063,52,,,,,b!lhQU6ZBW-Umi_Zaobz6m1vv4NrY-98VPrK5C6OMWPChTELgREW0MR6R7ya_2bELe,01JH4F6W3EZ5MEINZLBBEIAVL24CDEDTHB,39587.548,PO-054063,,true,35988.68,3598.868,314,Req Electrician - Fit Off,99,728,TL Electrical,16,39587.548,,,,90,"Lot 0 (56a) Malbon street, Eight Mile Plains, QLD",15,39587.548,0,,,0,0,,0,37726435-86bc-4b57-bb46-79972732f8c6,54063,39587.548,39587.548,,,39587.548,Will need to check TONY WITH THIS
54144,52,,,,,b!lhQU6ZBW-Umi_Zaobz6m1vv4NrY-98VPrK5C6OMWPChTELgREW0MR6R7ya_2bELe,01JH4F6WZAHQK5CB25HBCIV3EDUBR27WJX,0,PO-054144,,false,0,0,315,Req Electrician - Prewire,99,728,TL Electrical,16,0,,,,90,"Lot 0 (56a) Malbon street, Eight Mile Plains, QLD",15,0,0,,,0,0,,0,37726435-86bc-4b57-bb46-79972732f8c6,54144,0,0,,,0,Will Split once electrical Signed off on
54147,52,,,,,b!lhQU6ZBW-Umi_Zaobz6m1vv4NrY-98VPrK5C6OMWPChTELgREW0MR6R7ya_2bELe,01JH4F6WYWP4MAI6BHSZAIEDTRZ7OYY244,,PO-054147,,false,,,316,Req Electrician Underground,99,728,TL Electrical,16,,,,,90,"Lot 0 (56a) Malbon street, Eight Mile Plains, QLD",15,,0,,,0,0,,,37726435-86bc-4b57-bb46-79972732f8c6,54147,,,,,,Will Split once electrical Signed off on
54176,52,,,,,b!lhQU6ZBW-Umi_Zaobz6m1vv4NrY-98VPrK5C6OMWPChTELgREW0MR6R7ya_2bELe,01JH4F6W46FH3RIWPKHRG33BCB46BGZF7O,2640,PO-054176,,true,2400,240,391,Req NBN OPTIC  Lead-in,99,728,TL Electrical,16,2640,,,,90,"Lot 0 (56a) Malbon street, Eight Mile Plains, QLD",15,2640,0,,false,2640,0,,0,37726435-86bc-4b57-bb46-79972732f8c6,54176,2640,2640,false,,2640,
54092,52,,,,,b!lhQU6ZBW-Umi_Zaobz6m1vv4NrY-98VPrK5C6OMWPChTELgREW0MR6R7ya_2bELe,01JH4F6WZFJGKFJWRBIBGLKOTP7HQK6HLF,2812.40058,PO-054092,,true,2556.7278,255.67278,528,Req Water Proofer,99,729,Wayke Waterproofing.,16,2812.4006,,,,90,"Lot 0 (56a) Malbon street, Eight Mile Plains, QLD",15,2812.4006,0,,,0,0,,0,d40fdac7-e2eb-4774-b16f-a833379fd1d9,54092,2812.4006,2812.4006,,,2812.4006,
54105,52,,,,,b!lhQU6ZBW-Umi_Zaobz6m1vv4NrY-98VPrK5C6OMWPChTELgREW0MR6R7ya_2bELe,01JH4F6W2NTBSIUPIJKBBKEXPKC2MTQMKW,916.3,PO-054105,,true,833,83.3,401,Req Painter Touch Ups,99,730,MI Painting and Decorating Services,16,916.3,,,,90,"Lot 0 (56a) Malbon street, Eight Mile Plains, QLD",15,916.3,0,,,0,0,,0,,54105,916.3,916.3,,,916.3,
54160,52,,,,,b!lhQU6ZBW-Umi_Zaobz6m1vv4NrY-98VPrK5C6OMWPChTELgREW0MR6R7ya_2bELe,01JH4F6W35KFO5S7ZJFFF34E2WNKDMF7GH,3630,PO-054160,,true,3300,330,717,Req SDA Window Actuators Supply,99,733,Unique Windows Services,16,3630,,,,90,"Lot 0 (56a) Malbon street, Eight Mile Plains, QLD",15,3630,0,,,0,0,,0,,54160,3630,3630,,,3630,
54070,52,,,,,b!lhQU6ZBW-Umi_Zaobz6m1vv4NrY-98VPrK5C6OMWPChTELgREW0MR6R7ya_2bELe,01JH4F6WYA4XRAAOO4TNFJJ2DOKTJPFSR2,831.6,PO-054070,,true,756,75.6,737,Req Carpenter to Install Ply to Wet Areas,99,755,Tekna Carpentry,16,831.6,,,,90,"Lot 0 (56a) Malbon street, Eight Mile Plains, QLD",15,831.6,0,,,0,0,,0,,54070,831.6,831.6,,,831.6,
54081,52,,,,,b!lhQU6ZBW-Umi_Zaobz6m1vv4NrY-98VPrK5C6OMWPChTELgREW0MR6R7ya_2bELe,01JH4F6WZVUYVFN6JE55HKR35EN2TL6GWD,5750.58,PO-054081,,true,5227.8,522.78,245,Req Carpenter Fixout,99,755,Tekna Carpentry,16,5750.58,,,,90,"Lot 0 (56a) Malbon street, Eight Mile Plains, QLD",15,5750.58,0,,,0,0,,0,,54081,5750.58,5750.58,,,5750.58,
54098,52,,,,,b!lhQU6ZBW-Umi_Zaobz6m1vv4NrY-98VPrK5C6OMWPChTELgREW0MR6R7ya_2bELe,01JH4F6W4C66NUZUJFN5CJ4ZC6GIJZMRJJ,785.07,PO-054098,,true,713.7,71.37,246,Req Carpenter For Final Fitoff,99,755,Tekna Carpentry,16,785.07,,,,90,"Lot 0 (56a) Malbon street, Eight Mile Plains, QLD",15,785.07,0,,,0,0,,0,,54098,785.07,785.07,,,785.07,
54109,52,,,,,b!lhQU6ZBW-Umi_Zaobz6m1vv4NrY-98VPrK5C6OMWPChTELgREW0MR6R7ya_2bELe,01JH4F6W7K7ERBRDJ3VNBZ74P3AD67W2HD,9663.555,PO-054109,,true,8785.05,878.505,247,Req Carpenter Ground Floor,99,755,Tekna Carpentry,16,9663.555,,,,90,"Lot 0 (56a) Malbon street, Eight Mile Plains, QLD",15,9663.555,0,,,0,0,,0,,54109,9663.555,9663.555,,,9663.555,
54118,52,,,,,b!lhQU6ZBW-Umi_Zaobz6m1vv4NrY-98VPrK5C6OMWPChTELgREW0MR6R7ya_2bELe,01JH4F6WYRCYEBNIG565GLOZMKDRBDFA3I,1811.337,PO-054118,,true,1646.67,164.667,249,Req Carpenter Install Win and Bath and Doors,99,755,Tekna Carpentry,16,1811.337,,,,90,"Lot 0 (56a) Malbon street, Eight Mile Plains, QLD",15,1811.337,0,,,0,0,,0,,54118,1811.337,1811.337,,,1811.337,
54127,52,,,,,b!lhQU6ZBW-Umi_Zaobz6m1vv4NrY-98VPrK5C6OMWPChTELgREW0MR6R7ya_2bELe,01JH4F6W2QFU6GC375BJCIUR2FN7CBP6WO,8102.27,PO-054127,,true,7365.7,736.57,251,Req Carpenter Soffits and Cladding,99,755,Tekna Carpentry,16,8102.27,,,,90,"Lot 0 (56a) Malbon street, Eight Mile Plains, QLD",15,8102.27,0,,,0,0,,0,,54127,8102.27,8102.27,,,8102.27,
54059,52,,,,,b!lhQU6ZBW-Umi_Zaobz6m1vv4NrY-98VPrK5C6OMWPChTELgREW0MR6R7ya_2bELe,01JH4F6WYB343VLTULUNGKUM5FDBNBUQQX,427.185,PO-054059,,true,388.35,38.835,252,Req Carpenter Straighten Frame,99,755,Tekna Carpentry,16,427.185,,,,90,"Lot 0 (56a) Malbon street, Eight Mile Plains, QLD",15,427.185,0,,,0,0,,0,,54059,427.185,427.185,,,427.185,
54110,52,,,,,b!lhQU6ZBW-Umi_Zaobz6m1vv4NrY-98VPrK5C6OMWPChTELgREW0MR6R7ya_2bELe,01JH4F6WZIXKQKICZJABB3VW7M6NM7LCBO,1430,PO-054110,,true,1300,130,307,Req Driveway Prep Site Clean,99,756,Tekna Site,16,1430,,,,90,"Lot 0 (56a) Malbon street, Eight Mile Plains, QLD",15,1430,0,,,0,0,,0,,54110,1430,1430,,,1430,
54104,52,,,,,b!lhQU6ZBW-Umi_Zaobz6m1vv4NrY-98VPrK5C6OMWPChTELgREW0MR6R7ya_2bELe,01JH4F6W6EQ33BONCKP5CZFT5B5U7VJKRQ,2145,PO-054104,,true,1950,195,378,Req Level Site After Slab Poured Soil Removal,99,756,Tekna Site,16,2145,,,,90,"Lot 0 (56a) Malbon street, Eight Mile Plains, QLD",15,2145,0,,,0,0,,0,,54104,2145,2145,,,2145,
54061,52,,,,,b!lhQU6ZBW-Umi_Zaobz6m1vv4NrY-98VPrK5C6OMWPChTELgREW0MR6R7ya_2bELe,01JH4F6W6R23Z3XGCX3JBK4Z7L6ZGF4YUC,1141.8,PO-054061,,true,1038,103.8,373,Req Landscape Prep Final Site Clean,99,756,Tekna Site,16,1141.8,,,,90,"Lot 0 (56a) Malbon street, Eight Mile Plains, QLD",15,1141.8,0,,,0,0,,0,,54061,1141.8,1141.8,,,1141.8,
54136,52,,,,,b!lhQU6ZBW-Umi_Zaobz6m1vv4NrY-98VPrK5C6OMWPChTELgREW0MR6R7ya_2bELe,01JH4F6WZEFQMUZ5LCKJE2WM5MGC5IXB4F,5500,PO-054136,,true,5000,500,470,Req Soil Removal,99,756,Tekna Site,16,5500,,,,90,"Lot 0 (56a) Malbon street, Eight Mile Plains, QLD",15,5500,0,,,0,0,,0,,54136,5500,5500,,,5500,
54106,52,,,,,b!lhQU6ZBW-Umi_Zaobz6m1vv4NrY-98VPrK5C6OMWPChTELgREW0MR6R7ya_2bELe,01JH4F6WZITZP2GZIYH5D3BUW5BHSGT3CQ,5940,PO-054106,,true,5400,540,452,Req Site Clean After Plasterboard & Brickwork,99,756,Tekna Site,16,5940,,,,90,"Lot 0 (56a) Malbon street, Eight Mile Plains, QLD",15,5940,0,,,0,0,,0,,54106,5940,5940,,,5940,
54114,52,,,,,b!lhQU6ZBW-Umi_Zaobz6m1vv4NrY-98VPrK5C6OMWPChTELgREW0MR6R7ya_2bELe,01JH4F6W7WEATEU2CO6VHL64RKLR43ZBKD,5940,PO-054114,,true,5400,540,454,Req Site Clean After Roof,99,756,Tekna Site,16,5940,,,,90,"Lot 0 (56a) Malbon street, Eight Mile Plains, QLD",15,5940,0,,,0,0,,0,,54114,5940,5940,,,5940,
54120,52,,,,,b!lhQU6ZBW-Umi_Zaobz6m1vv4NrY-98VPrK5C6OMWPChTELgREW0MR6R7ya_2bELe,01JH4F6W4T5YQ3LVQ4IBCKXWYPLYGPZYM6,5940,PO-054120,,true,5400,540,455,Req Site Clean Final,99,756,Tekna Site,16,5940,,,,90,"Lot 0 (56a) Malbon street, Eight Mile Plains, QLD",15,5940,0,,,0,0,,0,,54120,5940,5940,,,5940,
54096,52,,,,,b!lhQU6ZBW-Umi_Zaobz6m1vv4NrY-98VPrK5C6OMWPChTELgREW0MR6R7ya_2bELe,01JH4F6W6TQ5TXJ7QVGVEJWO3VED27LA5C,1141.8,PO-054096,,true,1038,103.8,594,Req Skip Bin - Final,99,756,Tekna Site,16,1141.8,,,,90,"Lot 0 (56a) Malbon street, Eight Mile Plains, QLD",15,1141.8,0,,,0,0,,0,,54096,1141.8,1141.8,,,1141.8,
54124,52,,,,,b!lhQU6ZBW-Umi_Zaobz6m1vv4NrY-98VPrK5C6OMWPChTELgREW0MR6R7ya_2bELe,01JH4F6WZD5MU56AF6C5F22QNO2N55H5IU,16500,PO-054124,,true,15000,1500,597,Req Site Cut,99,756,Tekna Site,16,16500,,,,90,"Lot 0 (56a) Malbon street, Eight Mile Plains, QLD",15,16500,0,,,0,0,,0,,54124,16500,16500,,,16500,
54123,52,,,,,b!lhQU6ZBW-Umi_Zaobz6m1vv4NrY-98VPrK5C6OMWPChTELgREW0MR6R7ya_2bELe,01JH4F6WY3SU6LCSLBIBDISMTN7ND55CXH,9038.436,PO-054123,,true,8216.76,821.676,778,Pay Overhead Deposit,100,757,Tekna   Admin,16,9038.436,,,,90,"Lot 0 (56a) Malbon street, Eight Mile Plains, QLD",15,9038.436,0,,,0,0,,0,,54123,9038.436,9038.436,,,9038.436,
54128,52,,,,,b!lhQU6ZBW-Umi_Zaobz6m1vv4NrY-98VPrK5C6OMWPChTELgREW0MR6R7ya_2bELe,01JH4F6W4FP2ZT7EJDC5D22GRBNBUUZXQ3,27115.297,PO-054128,,true,24650.27,2465.027,779,Pay Overhead Slab,100,757,Tekna   Admin,16,27115.297,,,,90,"Lot 0 (56a) Malbon street, Eight Mile Plains, QLD",15,27115.297,0,,,0,0,,0,,54128,27115.297,27115.297,,,27115.297,
54131,52,,,,,b!lhQU6ZBW-Umi_Zaobz6m1vv4NrY-98VPrK5C6OMWPChTELgREW0MR6R7ya_2bELe,01JH4F6W6GIXXPC27J6NHKZ2BXDBSFRBZR,36153.722,PO-054131,,true,32867.02,3286.702,780,Pay Overhead Frame,100,757,Tekna   Admin,16,36153.722,,,,90,"Lot 0 (56a) Malbon street, Eight Mile Plains, QLD",15,36153.722,0,,,0,0,,0,,54131,36153.722,36153.722,,,36153.722,
54133,52,,,,,b!lhQU6ZBW-Umi_Zaobz6m1vv4NrY-98VPrK5C6OMWPChTELgREW0MR6R7ya_2bELe,01JH4F6W3QOGTCJDZAORGIGOKKBPU7ZV4S,45192.158,PO-054133,,true,41083.78,4108.378,781,Pay Overhead Enclosed,100,757,Tekna   Admin,16,45192.158,,,,90,"Lot 0 (56a) Malbon street, Eight Mile Plains, QLD",15,45192.158,0,,,0,0,,0,,54133,45192.158,45192.158,,,45192.158,
54137,52,,,,,b!lhQU6ZBW-Umi_Zaobz6m1vv4NrY-98VPrK5C6OMWPChTELgREW0MR6R7ya_2bELe,01JH4F6W2JIXETCSLA4RH3JJAATZBJVT6R,36153.722,PO-054137,,true,32867.02,3286.702,782,Pay Overhead Fixing,100,757,Tekna   Admin,16,36153.722,,,,90,"Lot 0 (56a) Malbon street, Eight Mile Plains, QLD",15,36153.722,0,,,0,0,,0,,54137,36153.722,36153.722,,,36153.722,
54141,52,,,,,b!lhQU6ZBW-Umi_Zaobz6m1vv4NrY-98VPrK5C6OMWPChTELgREW0MR6R7ya_2bELe,01JH4F6W6JGHYLMAZIWRFYOJGUYRZJA53L,27115.297,PO-054141,,true,24650.27,2465.027,783,Pay Overhead Practical Completion,100,757,Tekna   Admin,16,27115.297,,,,90,"Lot 0 (56a) Malbon street, Eight Mile Plains, QLD",15,27115.297,0,,,0,0,,0,,54141,27115.297,27115.297,,,27115.297,
54113,52,,,,,b!lhQU6ZBW-Umi_Zaobz6m1vv4NrY-98VPrK5C6OMWPChTELgREW0MR6R7ya_2bELe,01JH4F6W2J3DUGXFH7KNGK3HOLPNE6UBYG,5695.8,PO-054113,,,5178,517.8,619,Pay 3D Drafting Qtys and Certification,127,762,Tekna T3D,16,5695.8,,,,90,"Lot 0 (56a) Malbon street, Eight Mile Plains, QLD",15,5695.8,0,,,0,0,,0,,54113,5695.8,5695.8,,,5695.8,Need to figure out what this is going to be
54071,52,,,,,b!lhQU6ZBW-Umi_Zaobz6m1vv4NrY-98VPrK5C6OMWPChTELgREW0MR6R7ya_2bELe,01JH4F6W7MOSHWXPRK7NGJFG3X7EQE43FQ,61890.4,PO-054071,,true,56264,5626.4,369,Req Kitchen,99,764,Tekna Kitchen Labour,16,61890.4,,,,90,"Lot 0 (56a) Malbon street, Eight Mile Plains, QLD",15,61890.4,0,,,0,0,,0,,54071,61890.4,61890.4,,,61890.4,
54076,52,,,,,b!lhQU6ZBW-Umi_Zaobz6m1vv4NrY-98VPrK5C6OMWPChTELgREW0MR6R7ya_2bELe,01JH4F6W5YX2WRJHONOZAYNNA5ICFDWDK4,3278,PO-054076,,true,2980,298,183,Do Finishing Touches,99,765,Tekna Finishing Touches,16,3278,,,,90,"Lot 0 (56a) Malbon street, Eight Mile Plains, QLD",15,3278,0,,,0,0,,0,,54076,3278,3278,,,3278,
54159,52,,,,,b!lhQU6ZBW-Umi_Zaobz6m1vv4NrY-98VPrK5C6OMWPChTELgREW0MR6R7ya_2bELe,01JH4F6W2BGIIQRGKA3RHY6GVGH6DBJQJH,4105.2,PO-054159,,true,3732,373.2,728,FIT SDA Window Actuators,99,765,Tekna Finishing Touches,16,4105.2,,,,90,"Lot 0 (56a) Malbon street, Eight Mile Plains, QLD",15,4105.2,0,,,0,0,,0,,54159,4105.2,4105.2,,,4105.2,
54161,52,,,,,b!lhQU6ZBW-Umi_Zaobz6m1vv4NrY-98VPrK5C6OMWPChTELgREW0MR6R7ya_2bELe,01JH4F6W6Q35ZPRLBBY5DLYEVHVHXGDOPN,12870,PO-054161,,true,11700,1170,729,FIT SDA Auto Door Openers,99,765,Tekna Finishing Touches,16,12870,,,,90,"Lot 0 (56a) Malbon street, Eight Mile Plains, QLD",15,12870,0,,,0,0,,0,,54161,12870,12870,,,12870,
54149,52,,,,,b!lhQU6ZBW-Umi_Zaobz6m1vv4NrY-98VPrK5C6OMWPChTELgREW0MR6R7ya_2bELe,01JH4F6W4ZOJMZ54JQSNEZF2AJUMDRPZ3D,2810.522,PO-054149,,false,2555.02,255.502,743,Req Strip Drain,99,775,Trade Tilers Centre,16,2810.522,,,,90,"Lot 0 (56a) Malbon street, Eight Mile Plains, QLD",15,2810.522,0,,,0,0,,0,,54149,2810.522,2810.522,,,2810.522,not sure on what the extra was used for need to talk to adnrew
54069,52,,,,,b!lhQU6ZBW-Umi_Zaobz6m1vv4NrY-98VPrK5C6OMWPChTELgREW0MR6R7ya_2bELe,01JH4F6W4WEFL5HSXWL5BZJUSTICSHD3GB,6050,PO-054069,,true,5500,550,744,Req Parti Wall,99,785,CBMA,16,6050,,,,90,"Lot 0 (56a) Malbon street, Eight Mile Plains, QLD",15,6050,0,,,0,0,,0,,54069,6050,6050,,,6050,
54358,52,,,,,b!lhQU6ZBW-Umi_Zaobz6m1vv4NrY-98VPrK5C6OMWPChTELgREW0MR6R7ya_2bELe,01JH4F6W3DZFUNLOVUPBDZMPYFFKIF6FEY,5505.5,PO-054358,,true,5005,500.5,370,Req Kitchen Bench Top Install,99,786,Gold Coast Post Forming,16,5505.5,,,,90,"Lot 0 (56a) Malbon street, Eight Mile Plains, QLD",15,5505.5,0,,false,5505.5,0,,0,,54358,5505.5,5505.5,false,,5505.5,
54130,52,,,,,b!lhQU6ZBW-Umi_Zaobz6m1vv4NrY-98VPrK5C6OMWPChTELgREW0MR6R7ya_2bELe,01JH4F6WZJL7M6RNW5ARG33REGLZ6F7K4Y,13999.99997,PO-054130,,,12727.2727,1272.72727,416,Req Plumber Rough In,99,791,Spot On Plumbing and Drainage,16,14000,,,,90,"Lot 0 (56a) Malbon street, Eight Mile Plains, QLD",15,14000,0,,,0,0,,0,,54130,14000,14000,,,14000,waiting on Hydraulic to send to spot on
54111,52,,,,,b!lhQU6ZBW-Umi_Zaobz6m1vv4NrY-98VPrK5C6OMWPChTELgREW0MR6R7ya_2bELe,01JH4F6W3RJNDXIQURHBF2VQZW7AUEC7GL,13999.997,PO-054111,,,12727.27,1272.727,414,Req Plumber - Fit Off,99,791,Spot On Plumbing and Drainage,16,13999.997,,,,90,"Lot 0 (56a) Malbon street, Eight Mile Plains, QLD",15,13999.997,0,,,0,0,,0,,54111,13999.997,13999.997,,,13999.997,waiting on Hydraulic to send to spot on
54074,52,,,,,b!lhQU6ZBW-Umi_Zaobz6m1vv4NrY-98VPrK5C6OMWPChTELgREW0MR6R7ya_2bELe,01JH4F6W76Y266O3BKWBDZOFLR2RHOPVP7,2999.997,PO-054074,,false,2727.27,272.727,296,Req Down Pipes Ground Floor,99,791,Spot On Plumbing and Drainage,16,2999.997,,,,90,"Lot 0 (56a) Malbon street, Eight Mile Plains, QLD",15,2999.997,0,,,0,0,,0,,54074,2999.997,2999.997,,,2999.997,Waiting on Hydraulics
54097,52,,,,,b!lhQU6ZBW-Umi_Zaobz6m1vv4NrY-98VPrK5C6OMWPChTELgREW0MR6R7ya_2bELe,01JH4F6W6LUKVKSSCCRZEIPYKNVICUJBK6,27999.994,PO-054097,,false,25454.54,2545.454,298,Req Drainer for Drains Wafflepod,99,791,Spot On Plumbing and Drainage,16,27999.994,,,,90,"Lot 0 (56a) Malbon street, Eight Mile Plains, QLD",15,27999.994,0,,,0,0,,0,,54097,27999.994,27999.994,,,27999.994,Waiting on Hydraulics
54168,52,,,,,b!lhQU6ZBW-Umi_Zaobz6m1vv4NrY-98VPrK5C6OMWPChTELgREW0MR6R7ya_2bELe,01JH4F6W2XB6T7U3M5BBGYXLMCFXPSQQI5,2860,PO-054168,,,2600,260,707,Req Hydraulic Design,127,792,H Design Hydraulic Engineering Group Pty Ltd,16,2860,,,,90,"Lot 0 (56a) Malbon street, Eight Mile Plains, QLD",15,3520,0,,,0,0,,-660,,54168,2860,2860,,,3520,Waiting to send
54126,52,,,,,b!lhQU6ZBW-Umi_Zaobz6m1vv4NrY-98VPrK5C6OMWPChTELgREW0MR6R7ya_2bELe,01JH4F6W3BAWFKQDZDGRA2OR7AXFO4TXFD,19818.293,PO-054126,,true,18016.63,1801.663,693,Req SDA Door Opener,99,803,Queensland Gate Automation,16,19818.293,,,,90,"Lot 0 (56a) Malbon street, Eight Mile Plains, QLD",15,19818.293,0,,,0,0,,0,,54126,19818.293,19818.293,,,19818.293,
54158,52,,,,,b!lhQU6ZBW-Umi_Zaobz6m1vv4NrY-98VPrK5C6OMWPChTELgREW0MR6R7ya_2bELe,01JH4F6WZTGAPYR25XORC27CNESL7DEKS2,1685.2,PO-054158,,true,1532,153.2,308,Req Driveway Steel Reo,99,836,Building and Construction Supplies PTY Ltd,16,1685.2,,,,90,"Lot 0 (56a) Malbon street, Eight Mile Plains, QLD",15,1685.2,0,,,0,0,,0,,54158,1685.2,1685.2,,,1685.2,
54206,52,,,,,b!lhQU6ZBW-Umi_Zaobz6m1vv4NrY-98VPrK5C6OMWPChTELgREW0MR6R7ya_2bELe,01JH4F6W3JA7OPNPCYKFHZE6WYKEREOYGA,14832.422,PO-054206,,false,13484.02,1348.402,417,Req Pods and Steel For Wafflepod,99,836,Building and Construction Supplies PTY Ltd,16,14832.422,,,,90,"Lot 0 (56a) Malbon street, Eight Mile Plains, QLD",15,14832.422,0,,false,14832.422,0,,0,,54206,14832.422,14832.422,false,,14832.422,Waiting on Slab Plan
54065,52,,,,,b!lhQU6ZBW-Umi_Zaobz6m1vv4NrY-98VPrK5C6OMWPChTELgREW0MR6R7ya_2bELe,01JH4F6W2ISBDXU5LRRNDI3TZ52F5SKCOF,10808.204,PO-054065,,true,9825.64,982.564,680,Req Vinyl Flooring,99,851,QFloors,16,10808.204,,,,90,"Lot 0 (56a) Malbon street, Eight Mile Plains, QLD",15,10808.204,0,,,0,0,,0,,54065,10808.204,10808.204,,,10808.204,
54208,52,,,,,b!lhQU6ZBW-Umi_Zaobz6m1vv4NrY-98VPrK5C6OMWPChTELgREW0MR6R7ya_2bELe,01JH4F6WZCGS2OK53GIZBJR6N4F4JYMI5P,661.65,PO-054208,,true,601.5,60.15,221,Req Bedding Sand To Site Wafflepod,99,866,Rowcon Recycling,16,661.65,,,,90,"Lot 0 (56a) Malbon street, Eight Mile Plains, QLD",15,661.65,0,,false,661.65,0,,0,,54208,661.65,661.65,false,,661.65,
54359,52,,,,,b!lhQU6ZBW-Umi_Zaobz6m1vv4NrY-98VPrK5C6OMWPChTELgREW0MR6R7ya_2bELe,01JH4F6W22CXDPNIZNLJFZ4ISH7MJSOA62,1980,PO-054359,,true,1800,180,775,Req Kitchen Deliver,99,886,Fletchers Transport Pty Ltd,16,1980,,,,90,"Lot 0 (56a) Malbon street, Eight Mile Plains, QLD",15,1980,0,,false,1980,0,,0,,54359,1980,1980,false,,1980,
54203,52,,,,,b!lhQU6ZBW-Umi_Zaobz6m1vv4NrY-98VPrK5C6OMWPChTELgREW0MR6R7ya_2bELe,01JH4F6W2TOHYGESMTNJGZYP4ZVPUUZAPU,2354.9999,PO-054203,,false,2140.909,214.0909,776,Req Extra Work Place Health and Safety,99,887,Work Place Health and Safety,16,2354.9999,,,,90,"Lot 0 (56a) Malbon street, Eight Mile Plains, QLD",15,2354.9999,0,,false,2354.9999,0,,0,,54203,2354.9999,2354.9999,false,,2354.9999,Allowance
54082,52,,,,,b!lhQU6ZBW-Umi_Zaobz6m1vv4NrY-98VPrK5C6OMWPChTELgREW0MR6R7ya_2bELe,01JH4F6W5FOKPLQITGHJC2OSKPQEZUYSEE,13206.27,PO-054082,,true,12005.7,1200.57,507,Req Tiler ,99,889,Rapid Stone And Tiles Pty Ltd,16,13206.27,,,,90,"Lot 0 (56a) Malbon street, Eight Mile Plains, QLD",15,13206.27,0,,,0,0,,0,,54082,13206.27,13206.27,,,13206.27,
53511,52,,,,,b!lhQU6ZBW-Umi_Zaobz6m1vv4NrY-98VPrK5C6OMWPChTELgREW0MR6R7ya_2bELe,01JH4F6W7UV7T7JS4HCBCIH5HREI6N5RST,594,PO-053511,,true,540,54,753,Req Town Planner,127,908,Ferris Town Planning Pty Ltd,16,594,,,,90,"Lot 0 (56a) Malbon street, Eight Mile Plains, QLD",15,594,594,Ferris Town Planning Pty Ltd,true,0,0,2025-8-1,0,,53511,0,0,false,540,0,KEEP
54361,52,,,,,b!lhQU6ZBW-Umi_Zaobz6m1vv4NrY-98VPrK5C6OMWPChTELgREW0MR6R7ya_2bELe,01JH4F6W26SIAZZ4U7Y5CJTBMYMRHGQKOB,50000.005,PO-054361,,false,45454.55,4545.455,799,Req Client Rebate,72,923,Client,16,50000.005,,,,90,"Lot 0 (56a) Malbon street, Eight Mile Plains, QLD",15,50000.005,0,,false,50000.005,0,,0,,54361,50000.005,50000.005,false,,50000.005,